timestamp,signal,price,direction,system,log_time,bar_timestamp,symbol
2025-04-02 10:36:20.097693-04:00,-1,565.2799,SHORT,live,2025-04-02T10:36:20.196468,2025-04-02 10:36:20.097693,SPY
2025-04-02 10:36:20.894546-04:00,-1,565.2886,SHORT,live,2025-04-02T10:36:20.997961,2025-04-02 10:36:20.894546,SPY
2025-04-02 10:37:00.136575-04:00,-1,565.23,SHORT,live,2025-04-02T10:37:00.193299,2025-04-02 10:37:00.136575,SPY
2025-04-02 10:37:20.868288-04:00,-1,565.075,SHORT,live,2025-04-02T10:37:20.891822,2025-04-02 10:37:20.868288,SPY
2025-04-02 10:37:21.127585-04:00,-1,565.075,SHORT,live,2025-04-02T10:37:21.148000,2025-04-02 10:37:21.127585,SPY
2025-04-02 10:38:00.142600-04:00,-1,564.9,SHORT,live,2025-04-02T10:38:00.210710,2025-04-02 10:38:00.142600,SPY
2025-04-02 10:38:21.063790-04:00,-1,565.18,SHORT,live,2025-04-02T10:38:21.083996,2025-04-02 10:38:21.063790,SPY
2025-04-02 10:38:21.381065-04:00,-1,565.215,SHORT,live,2025-04-02T10:38:21.402790,2025-04-02 10:38:21.381065,SPY
2025-04-02 10:39:00.151043-04:00,-1,565.32,SHORT,live,2025-04-02T10:39:00.219448,2025-04-02 10:39:00.151043,SPY
2025-04-02 10:39:21.242442-04:00,-1,565.265,SHORT,live,2025-04-02T10:39:21.260561,2025-04-02 10:39:21.242442,SPY
2025-04-02 10:39:21.511174-04:00,-1,565.265,SHORT,live,2025-04-02T10:39:21.527013,2025-04-02 10:39:21.511174,SPY
2025-04-02 10:40:00.134873-04:00,-1,565.23,SHORT,live,2025-04-02T10:40:00.185271,2025-04-02 10:40:00.134873,SPY
2025-04-02 10:40:21.436619-04:00,-1,565.28,SHORT,live,2025-04-02T10:40:21.455064,2025-04-02 10:40:21.436619,SPY
2025-04-02 10:40:21.640000-04:00,-1,565.28,SHORT,live,2025-04-02T10:40:21.658956,2025-04-02 10:40:21.640000,SPY
2025-04-02 10:41:00.041214-04:00,-1,565.48,SHORT,live,2025-04-02T10:41:00.092385,2025-04-02 10:41:00.041214,SPY
2025-04-02 10:41:21.679693-04:00,-1,564.92,SHORT,live,2025-04-02T10:41:21.699331,2025-04-02 10:41:21.679693,SPY
2025-04-02 10:41:21.805940-04:00,-1,564.91,SHORT,live,2025-04-02T10:41:21.823873,2025-04-02 10:41:21.805940,SPY
2025-04-02 10:42:00.164616-04:00,-1,564.91,SHORT,live,2025-04-02T10:42:00.212338,2025-04-02 10:42:00.164616,SPY
2025-04-02 10:42:21.869678-04:00,-1,564.63,SHORT,live,2025-04-02T10:42:21.890241,2025-04-02 10:42:21.869678,SPY
2025-04-02 10:42:21.991192-04:00,-1,564.63,SHORT,live,2025-04-02T10:42:22.007002,2025-04-02 10:42:21.991192,SPY
2025-04-02 10:43:00.130112-04:00,-1,564.64,SHORT,live,2025-04-02T10:43:00.182384,2025-04-02 10:43:00.130112,SPY
2025-04-02 10:43:22.032081-04:00,-1,564.51,SHORT,live,2025-04-02T10:43:22.051407,2025-04-02 10:43:22.032081,SPY
2025-04-02 10:43:22.150688-04:00,-1,564.51,SHORT,live,2025-04-02T10:43:22.166419,2025-04-02 10:43:22.150688,SPY
2025-04-02 10:44:00.137074-04:00,-1,564.4,SHORT,live,2025-04-02T10:44:00.205234,2025-04-02 10:44:00.137074,SPY
2025-04-02 10:44:22.197318-04:00,-1,564.435,SHORT,live,2025-04-02T10:44:22.217050,2025-04-02 10:44:22.197318,SPY
2025-04-02 10:44:22.321931-04:00,-1,564.435,SHORT,live,2025-04-02T10:44:22.338477,2025-04-02 10:44:22.321931,SPY
2025-04-02 10:45:00.172367-04:00,-1,564.55,SHORT,live,2025-04-02T10:45:00.216687,2025-04-02 10:45:00.172367,SPY
2025-04-02 10:45:22.386134-04:00,-1,564.45,SHORT,live,2025-04-02T10:45:22.406182,2025-04-02 10:45:22.386134,SPY
2025-04-02 10:45:22.514336-04:00,-1,564.45,SHORT,live,2025-04-02T10:45:22.531377,2025-04-02 10:45:22.514336,SPY
2025-04-02 10:46:00.148744-04:00,-1,564.025,SHORT,live,2025-04-02T10:46:00.221474,2025-04-02 10:46:00.148744,SPY
2025-04-02 10:46:22.625571-04:00,-1,564.105,SHORT,live,2025-04-02T10:46:22.646189,2025-04-02 10:46:22.625571,SPY
2025-04-02 10:46:22.754427-04:00,-1,564.105,SHORT,live,2025-04-02T10:46:22.771339,2025-04-02 10:46:22.754427,SPY
2025-04-02 10:47:00.166374-04:00,-1,564.24,SHORT,live,2025-04-02T10:47:00.227690,2025-04-02 10:47:00.166374,SPY
2025-04-02 10:47:22.791573-04:00,-1,564.17,SHORT,live,2025-04-02T10:47:22.811266,2025-04-02 10:47:22.791573,SPY
2025-04-02 10:47:22.913618-04:00,-1,564.17,SHORT,live,2025-04-02T10:47:22.932633,2025-04-02 10:47:22.913618,SPY
2025-04-02 10:48:00.130990-04:00,-1,564.335,SHORT,live,2025-04-02T10:48:00.224550,2025-04-02 10:48:00.130990,SPY
2025-04-02 10:48:22.975740-04:00,-1,563.93,SHORT,live,2025-04-02T10:48:22.995095,2025-04-02 10:48:22.975740,SPY
2025-04-02 10:48:23.100485-04:00,-1,563.93,SHORT,live,2025-04-02T10:48:23.115828,2025-04-02 10:48:23.100485,SPY
2025-04-02 10:49:00.175435-04:00,-1,563.82,SHORT,live,2025-04-02T10:49:00.229472,2025-04-02 10:49:00.175435,SPY
2025-04-02 10:49:23.137744-04:00,-1,563.755,SHORT,live,2025-04-02T10:49:23.158873,2025-04-02 10:49:23.137744,SPY
2025-04-02 10:49:23.279840-04:00,-1,563.755,SHORT,live,2025-04-02T10:49:23.295665,2025-04-02 10:49:23.279840,SPY
2025-04-02 10:50:00.165710-04:00,-1,563.89,SHORT,live,2025-04-02T10:50:00.231399,2025-04-02 10:50:00.165710,SPY
2025-04-02 10:50:23.329120-04:00,-1,563.68,SHORT,live,2025-04-02T10:50:23.392425,2025-04-02 10:50:23.329120,SPY
2025-04-02 10:50:23.495640-04:00,-1,563.68,SHORT,live,2025-04-02T10:50:23.510820,2025-04-02 10:50:23.495640,SPY
2025-04-02 10:51:00.110292-04:00,-1,563.46,SHORT,live,2025-04-02T10:51:00.166415,2025-04-02 10:51:00.110292,SPY
2025-04-02 10:51:23.619267-04:00,-1,563.515,SHORT,live,2025-04-02T10:51:23.638022,2025-04-02 10:51:23.619267,SPY
2025-04-02 10:51:23.747461-04:00,-1,563.515,SHORT,live,2025-04-02T10:51:23.763328,2025-04-02 10:51:23.747461,SPY
2025-04-02 10:52:00.135552-04:00,-1,563.54,SHORT,live,2025-04-02T10:52:00.185931,2025-04-02 10:52:00.135552,SPY
2025-04-02 10:52:23.793229-04:00,-1,563.365,SHORT,live,2025-04-02T10:52:23.815051,2025-04-02 10:52:23.793229,SPY
2025-04-02 10:52:23.914380-04:00,-1,563.365,SHORT,live,2025-04-02T10:52:23.930290,2025-04-02 10:52:23.914380,SPY
2025-04-02 10:53:00.124760-04:00,-1,563.52,SHORT,live,2025-04-02T10:53:00.182556,2025-04-02 10:53:00.124760,SPY
2025-04-02 10:53:23.971169-04:00,-1,563.49,SHORT,live,2025-04-02T10:53:23.990685,2025-04-02 10:53:23.971169,SPY
2025-04-02 10:53:24.095829-04:00,-1,563.49,SHORT,live,2025-04-02T10:53:24.111751,2025-04-02 10:53:24.095829,SPY
2025-04-02 10:54:00.144797-04:00,-1,563.64,SHORT,live,2025-04-02T10:54:00.196621,2025-04-02 10:54:00.144797,SPY
2025-04-02 10:54:24.133564-04:00,-1,563.79,SHORT,live,2025-04-02T10:54:24.153943,2025-04-02 10:54:24.133564,SPY
2025-04-02 10:54:24.256837-04:00,-1,563.79,SHORT,live,2025-04-02T10:54:24.273023,2025-04-02 10:54:24.256837,SPY
2025-04-02 10:55:00.156055-04:00,-1,563.83,SHORT,live,2025-04-02T10:55:00.194294,2025-04-02 10:55:00.156055,SPY
2025-04-02 10:55:24.302915-04:00,-1,564.11,SHORT,live,2025-04-02T10:55:24.324062,2025-04-02 10:55:24.302915,SPY
2025-04-02 10:55:24.425114-04:00,-1,564.11,SHORT,live,2025-04-02T10:55:24.440970,2025-04-02 10:55:24.425114,SPY
2025-04-02 10:56:00.142575-04:00,-1,564.24,SHORT,live,2025-04-02T10:56:00.206534,2025-04-02 10:56:00.142575,SPY
2025-04-02 10:56:24.551726-04:00,-1,564.18,SHORT,live,2025-04-02T10:56:24.569793,2025-04-02 10:56:24.551726,SPY
2025-04-02 10:56:24.673225-04:00,-1,564.18,SHORT,live,2025-04-02T10:56:24.688900,2025-04-02 10:56:24.673225,SPY
2025-04-02 10:57:00.032730-04:00,-1,564.145,SHORT,live,2025-04-02T10:57:00.077559,2025-04-02 10:57:00.032730,SPY
2025-04-02 10:57:24.707491-04:00,-1,563.9,SHORT,live,2025-04-02T10:57:24.726947,2025-04-02 10:57:24.707491,SPY
2025-04-02 10:57:24.829437-04:00,-1,563.9,SHORT,live,2025-04-02T10:57:24.847382,2025-04-02 10:57:24.829437,SPY
2025-04-02 10:58:00.122779-04:00,-1,564.07,SHORT,live,2025-04-02T10:58:00.172214,2025-04-02 10:58:00.122779,SPY
2025-04-02 10:58:24.893916-04:00,-1,563.99,SHORT,live,2025-04-02T10:58:24.914229,2025-04-02 10:58:24.893916,SPY
2025-04-02 10:58:25.017879-04:00,-1,563.99,SHORT,live,2025-04-02T10:58:25.033462,2025-04-02 10:58:25.017879,SPY
2025-04-02 10:59:00.155038-04:00,-1,563.75,SHORT,live,2025-04-02T10:59:00.222748,2025-04-02 10:59:00.155038,SPY
2025-04-02 10:59:25.063873-04:00,-1,563.865,SHORT,live,2025-04-02T10:59:25.083992,2025-04-02 10:59:25.063873,SPY
2025-04-02 10:59:25.189859-04:00,-1,563.865,SHORT,live,2025-04-02T10:59:25.205056,2025-04-02 10:59:25.189859,SPY
2025-04-02 11:00:00.155993-04:00,-1,564.1,SHORT,live,2025-04-02T11:00:00.212968,2025-04-02 11:00:00.155993,SPY
2025-04-02 11:00:25.232650-04:00,-1,564.04,SHORT,live,2025-04-02T11:00:25.252543,2025-04-02 11:00:25.232650,SPY
2025-04-02 11:00:25.357598-04:00,-1,564.04,SHORT,live,2025-04-02T11:00:25.374611,2025-04-02 11:00:25.357598,SPY
2025-04-02 11:01:00.049303-04:00,-1,563.77,SHORT,live,2025-04-02T11:01:00.099855,2025-04-02 11:01:00.049303,SPY
2025-04-02 11:01:25.470752-04:00,-1,563.73,SHORT,live,2025-04-02T11:01:25.490582,2025-04-02 11:01:25.470752,SPY
2025-04-02 11:01:25.599282-04:00,-1,563.73,SHORT,live,2025-04-02T11:01:25.615693,2025-04-02 11:01:25.599282,SPY
2025-04-02 11:02:00.151883-04:00,0,564.07,FLAT,live,2025-04-02T11:02:00.247938,2025-04-02 11:02:00.151883,SPY
2025-04-02 11:02:25.634468-04:00,0,563.94,FLAT,live,2025-04-02T11:02:25.654481,2025-04-02 11:02:25.634468,SPY
2025-04-02 11:02:25.756441-04:00,0,563.94,FLAT,live,2025-04-02T11:02:25.773084,2025-04-02 11:02:25.756441,SPY
2025-04-02 11:03:00.118108-04:00,-1,563.92,SHORT,live,2025-04-02T11:03:00.169495,2025-04-02 11:03:00.118108,SPY
2025-04-02 11:03:25.773766-04:00,-1,564.05,SHORT,live,2025-04-02T11:03:25.793686,2025-04-02 11:03:25.773766,SPY
2025-04-02 11:03:25.894746-04:00,-1,563.94,SHORT,live,2025-04-02T11:03:25.911641,2025-04-02 11:03:25.894746,SPY
2025-04-02 11:04:00.123161-04:00,-1,563.74,SHORT,live,2025-04-02T11:04:00.171316,2025-04-02 11:04:00.123161,SPY
2025-04-02 11:04:25.934181-04:00,-1,563.56,SHORT,live,2025-04-02T11:04:25.954385,2025-04-02 11:04:25.934181,SPY
2025-04-02 11:04:26.058663-04:00,-1,563.56,SHORT,live,2025-04-02T11:04:26.075902,2025-04-02 11:04:26.058663,SPY
2025-04-02 11:05:00.135869-04:00,-1,563.45,SHORT,live,2025-04-02T11:05:00.185710,2025-04-02 11:05:00.135869,SPY
2025-04-02 11:05:26.092764-04:00,-1,563.17,SHORT,live,2025-04-02T11:05:26.113290,2025-04-02 11:05:26.092764,SPY
2025-04-02 11:05:26.219422-04:00,-1,563.17,SHORT,live,2025-04-02T11:05:26.236540,2025-04-02 11:05:26.219422,SPY
2025-04-02 11:06:00.159522-04:00,-1,562.84,SHORT,live,2025-04-02T11:06:00.209188,2025-04-02 11:06:00.159522,SPY
2025-04-02 11:06:26.339860-04:00,-1,562.82,SHORT,live,2025-04-02T11:06:26.359666,2025-04-02 11:06:26.339860,SPY
2025-04-02 11:06:26.469141-04:00,-1,562.82,SHORT,live,2025-04-02T11:06:26.486052,2025-04-02 11:06:26.469141,SPY
2025-04-02 11:07:00.142472-04:00,-1,563.09,SHORT,live,2025-04-02T11:07:00.199096,2025-04-02 11:07:00.142472,SPY
2025-04-02 11:07:26.532909-04:00,-1,562.93,SHORT,live,2025-04-02T11:07:26.556076,2025-04-02 11:07:26.532909,SPY
2025-04-02 11:07:26.662514-04:00,-1,562.93,SHORT,live,2025-04-02T11:07:26.679748,2025-04-02 11:07:26.662514,SPY
2025-04-02 11:08:00.126477-04:00,-1,562.89,SHORT,live,2025-04-02T11:08:00.179355,2025-04-02 11:08:00.126477,SPY
2025-04-02 11:08:26.707582-04:00,-1,563.07,SHORT,live,2025-04-02T11:08:26.729565,2025-04-02 11:08:26.707582,SPY
2025-04-02 11:08:26.834996-04:00,-1,563.07,SHORT,live,2025-04-02T11:08:26.851957,2025-04-02 11:08:26.834996,SPY
2025-04-02 11:09:00.119201-04:00,-1,563.08,SHORT,live,2025-04-02T11:09:00.183079,2025-04-02 11:09:00.119201,SPY
2025-04-02 11:09:26.859339-04:00,-1,562.83,SHORT,live,2025-04-02T11:09:26.877967,2025-04-02 11:09:26.859339,SPY
2025-04-02 11:09:26.983013-04:00,-1,562.83,SHORT,live,2025-04-02T11:09:26.998684,2025-04-02 11:09:26.983013,SPY
2025-04-02 11:10:00.128460-04:00,-1,563.08,SHORT,live,2025-04-02T11:10:00.183166,2025-04-02 11:10:00.128460,SPY
2025-04-02 11:10:27.023368-04:00,-1,562.95,SHORT,live,2025-04-02T11:10:27.045779,2025-04-02 11:10:27.023368,SPY
2025-04-02 11:10:27.145003-04:00,-1,562.95,SHORT,live,2025-04-02T11:10:27.161516,2025-04-02 11:10:27.145003,SPY
2025-04-02 11:11:00.110878-04:00,-1,562.63,SHORT,live,2025-04-02T11:11:00.161542,2025-04-02 11:11:00.110878,SPY
2025-04-02 11:11:27.266917-04:00,-1,562.86,SHORT,live,2025-04-02T11:11:27.285607,2025-04-02 11:11:27.266917,SPY
2025-04-02 11:11:27.390261-04:00,-1,562.86,SHORT,live,2025-04-02T11:11:27.406345,2025-04-02 11:11:27.390261,SPY
2025-04-02 11:12:00.159789-04:00,-1,562.6,SHORT,live,2025-04-02T11:12:00.215319,2025-04-02 11:12:00.159789,SPY
2025-04-02 11:12:27.438395-04:00,-1,562.82,SHORT,live,2025-04-02T11:12:27.461082,2025-04-02 11:12:27.438395,SPY
2025-04-02 11:12:27.565832-04:00,-1,562.82,SHORT,live,2025-04-02T11:12:27.582417,2025-04-02 11:12:27.565832,SPY
2025-04-02 11:12:59.979352-04:00,-1,562.96,SHORT,live,2025-04-02T11:13:00.050505,2025-04-02 11:12:59.979352,SPY
2025-04-02 11:13:27.601425-04:00,-1,563.04,SHORT,live,2025-04-02T11:13:27.622983,2025-04-02 11:13:27.601425,SPY
2025-04-02 11:13:27.761989-04:00,-1,563.04,SHORT,live,2025-04-02T11:13:27.776904,2025-04-02 11:13:27.761989,SPY
2025-04-02 11:14:00.108804-04:00,-1,563.16,SHORT,live,2025-04-02T11:14:00.162038,2025-04-02 11:14:00.108804,SPY
2025-04-02 11:14:27.775058-04:00,-1,562.98,SHORT,live,2025-04-02T11:14:27.794988,2025-04-02 11:14:27.775058,SPY
2025-04-02 11:14:27.900452-04:00,-1,562.98,SHORT,live,2025-04-02T11:14:27.916430,2025-04-02 11:14:27.900452,SPY
2025-04-02 11:15:00.129643-04:00,-1,563.06,SHORT,live,2025-04-02T11:15:00.182298,2025-04-02 11:15:00.129643,SPY
2025-04-02 11:15:27.934240-04:00,-1,563.12,SHORT,live,2025-04-02T11:15:27.956111,2025-04-02 11:15:27.934240,SPY
2025-04-02 11:15:28.059693-04:00,-1,563.12,SHORT,live,2025-04-02T11:15:28.076252,2025-04-02 11:15:28.059693,SPY
2025-04-02 11:16:00.087348-04:00,-1,563.15,SHORT,live,2025-04-02T11:16:00.205394,2025-04-02 11:16:00.087348,SPY
2025-04-02 11:16:28.187927-04:00,-1,562.94,SHORT,live,2025-04-02T11:16:28.203707,2025-04-02 11:16:28.187927,SPY
2025-04-02 11:16:28.314314-04:00,-1,562.94,SHORT,live,2025-04-02T11:16:28.329438,2025-04-02 11:16:28.314314,SPY
2025-04-02 11:17:00.010574-04:00,-1,562.55,SHORT,live,2025-04-02T11:17:00.061315,2025-04-02 11:17:00.010574,SPY
2025-04-02 11:17:28.353648-04:00,-1,562.67,SHORT,live,2025-04-02T11:17:28.375009,2025-04-02 11:17:28.353648,SPY
2025-04-02 11:17:28.483954-04:00,-1,562.67,SHORT,live,2025-04-02T11:17:28.501790,2025-04-02 11:17:28.483954,SPY
2025-04-02 11:18:00.103549-04:00,-1,562.965,SHORT,live,2025-04-02T11:18:00.150291,2025-04-02 11:18:00.103549,SPY
2025-04-02 11:18:28.519248-04:00,-1,562.81,SHORT,live,2025-04-02T11:18:28.539935,2025-04-02 11:18:28.519248,SPY
2025-04-02 11:18:28.649492-04:00,-1,562.81,SHORT,live,2025-04-02T11:18:28.667021,2025-04-02 11:18:28.649492,SPY
2025-04-02 11:19:00.102223-04:00,-1,562.47,SHORT,live,2025-04-02T11:19:00.152285,2025-04-02 11:19:00.102223,SPY
2025-04-02 11:19:28.679890-04:00,-1,562.47,SHORT,live,2025-04-02T11:19:28.700821,2025-04-02 11:19:28.679890,SPY
2025-04-02 11:19:28.811728-04:00,-1,562.47,SHORT,live,2025-04-02T11:19:28.828744,2025-04-02 11:19:28.811728,SPY
2025-04-02 11:20:00.132927-04:00,-1,562.46,SHORT,live,2025-04-02T11:20:00.183536,2025-04-02 11:20:00.132927,SPY
2025-04-02 11:20:28.841653-04:00,-1,562.575,SHORT,live,2025-04-02T11:20:28.862591,2025-04-02 11:20:28.841653,SPY
2025-04-02 11:20:28.967542-04:00,-1,562.575,SHORT,live,2025-04-02T11:20:28.983676,2025-04-02 11:20:28.967542,SPY
2025-04-02 11:21:00.092606-04:00,-1,562.64,SHORT,live,2025-04-02T11:21:00.145118,2025-04-02 11:21:00.092606,SPY
2025-04-02 11:21:29.079959-04:00,-1,562.57,SHORT,live,2025-04-02T11:21:29.099485,2025-04-02 11:21:29.079959,SPY
2025-04-02 11:21:29.209417-04:00,-1,562.57,SHORT,live,2025-04-02T11:21:29.225290,2025-04-02 11:21:29.209417,SPY
2025-04-02 11:22:00.090168-04:00,-1,562.44,SHORT,live,2025-04-02T11:22:00.137443,2025-04-02 11:22:00.090168,SPY
2025-04-02 11:22:29.240620-04:00,-1,562.69,SHORT,live,2025-04-02T11:22:29.262005,2025-04-02 11:22:29.240620,SPY
2025-04-02 11:22:29.369343-04:00,-1,562.69,SHORT,live,2025-04-02T11:22:29.385965,2025-04-02 11:22:29.369343,SPY
2025-04-02 11:23:00.113440-04:00,-1,562.83,SHORT,live,2025-04-02T11:23:00.167753,2025-04-02 11:23:00.113440,SPY
2025-04-02 11:23:29.401968-04:00,-1,562.44,SHORT,live,2025-04-02T11:23:29.422033,2025-04-02 11:23:29.401968,SPY
2025-04-02 11:23:29.529912-04:00,-1,562.44,SHORT,live,2025-04-02T11:23:29.546753,2025-04-02 11:23:29.529912,SPY
2025-04-02 11:24:00.113838-04:00,-1,562.145,SHORT,live,2025-04-02T11:24:00.164492,2025-04-02 11:24:00.113838,SPY
2025-04-02 11:24:29.566818-04:00,-1,562.03,SHORT,live,2025-04-02T11:24:29.587258,2025-04-02 11:24:29.566818,SPY
2025-04-02 11:24:29.693765-04:00,-1,562.03,SHORT,live,2025-04-02T11:24:29.710062,2025-04-02 11:24:29.693765,SPY
2025-04-02 11:25:00.109806-04:00,-1,562.08,SHORT,live,2025-04-02T11:25:00.158940,2025-04-02 11:25:00.109806,SPY
2025-04-02 11:25:29.737083-04:00,-1,562.0,SHORT,live,2025-04-02T11:25:29.756353,2025-04-02 11:25:29.737083,SPY
2025-04-02 11:25:29.858920-04:00,-1,562.0,SHORT,live,2025-04-02T11:25:29.875057,2025-04-02 11:25:29.858920,SPY
2025-04-02 11:26:00.088564-04:00,-1,562.18,SHORT,live,2025-04-02T11:26:00.136135,2025-04-02 11:26:00.088564,SPY
2025-04-02 11:26:29.963006-04:00,-1,562.28,SHORT,live,2025-04-02T11:26:29.982438,2025-04-02 11:26:29.963006,SPY
2025-04-02 11:26:30.088409-04:00,-1,562.28,SHORT,live,2025-04-02T11:26:30.105011,2025-04-02 11:26:30.088409,SPY
2025-04-02 11:27:00.134989-04:00,-1,562.33,SHORT,live,2025-04-02T11:27:00.189873,2025-04-02 11:27:00.134989,SPY
2025-04-02 11:27:30.131824-04:00,-1,562.07,SHORT,live,2025-04-02T11:27:30.151888,2025-04-02 11:27:30.131824,SPY
2025-04-02 11:27:30.262100-04:00,-1,562.07,SHORT,live,2025-04-02T11:27:30.278338,2025-04-02 11:27:30.262100,SPY
2025-04-02 11:28:00.122568-04:00,-1,562.01,SHORT,live,2025-04-02T11:28:00.195119,2025-04-02 11:28:00.122568,SPY
2025-04-02 11:28:30.313046-04:00,-1,561.93,SHORT,live,2025-04-02T11:28:30.334480,2025-04-02 11:28:30.313046,SPY
2025-04-02 11:28:30.437067-04:00,-1,561.85,SHORT,live,2025-04-02T11:28:30.457035,2025-04-02 11:28:30.437067,SPY
2025-04-02 11:29:00.124696-04:00,-1,561.59,SHORT,live,2025-04-02T11:29:00.194079,2025-04-02 11:29:00.124696,SPY
2025-04-02 11:29:30.511645-04:00,-1,561.51,SHORT,live,2025-04-02T11:29:30.526995,2025-04-02 11:29:30.511645,SPY
2025-04-02 11:29:30.641668-04:00,-1,561.51,SHORT,live,2025-04-02T11:29:30.656880,2025-04-02 11:29:30.641668,SPY
2025-04-02 11:30:00.096637-04:00,-1,561.25,SHORT,live,2025-04-02T11:30:00.153948,2025-04-02 11:30:00.096637,SPY
2025-04-02 11:30:30.648339-04:00,-1,561.36,SHORT,live,2025-04-02T11:30:30.664663,2025-04-02 11:30:30.648339,SPY
2025-04-02 11:30:30.766879-04:00,-1,561.36,SHORT,live,2025-04-02T11:30:30.783292,2025-04-02 11:30:30.766879,SPY
2025-04-02 11:31:00.105029-04:00,-1,561.76,SHORT,live,2025-04-02T11:31:00.158065,2025-04-02 11:31:00.105029,SPY
2025-04-02 11:31:30.899024-04:00,-1,561.94,SHORT,live,2025-04-02T11:31:30.919770,2025-04-02 11:31:30.899024,SPY
2025-04-02 11:31:31.031559-04:00,-1,561.94,SHORT,live,2025-04-02T11:31:31.048287,2025-04-02 11:31:31.031559,SPY
2025-04-02 11:32:00.108129-04:00,-1,561.75,SHORT,live,2025-04-02T11:32:00.160014,2025-04-02 11:32:00.108129,SPY
2025-04-02 11:32:31.070029-04:00,-1,561.675,SHORT,live,2025-04-02T11:32:31.091045,2025-04-02 11:32:31.070029,SPY
2025-04-02 11:32:31.202196-04:00,-1,561.675,SHORT,live,2025-04-02T11:32:31.218967,2025-04-02 11:32:31.202196,SPY
2025-04-02 11:33:00.082527-04:00,-1,561.8,SHORT,live,2025-04-02T11:33:00.130915,2025-04-02 11:33:00.082527,SPY
2025-04-02 11:33:31.231212-04:00,-1,562.01,SHORT,live,2025-04-02T11:33:31.251714,2025-04-02 11:33:31.231212,SPY
2025-04-02 11:33:31.362954-04:00,-1,562.01,SHORT,live,2025-04-02T11:33:31.380458,2025-04-02 11:33:31.362954,SPY
2025-04-02 11:34:00.139034-04:00,-1,561.93,SHORT,live,2025-04-02T11:34:00.188732,2025-04-02 11:34:00.139034,SPY
2025-04-02 11:34:31.435812-04:00,-1,562.01,SHORT,live,2025-04-02T11:34:31.457017,2025-04-02 11:34:31.435812,SPY
2025-04-02 11:34:31.585460-04:00,-1,562.01,SHORT,live,2025-04-02T11:34:31.603159,2025-04-02 11:34:31.585460,SPY
2025-04-02 11:35:00.120622-04:00,-1,562.07,SHORT,live,2025-04-02T11:35:00.170724,2025-04-02 11:35:00.120622,SPY
2025-04-02 11:35:31.601324-04:00,-1,561.97,SHORT,live,2025-04-02T11:35:31.622226,2025-04-02 11:35:31.601324,SPY
2025-04-02 11:35:31.729327-04:00,-1,561.97,SHORT,live,2025-04-02T11:35:31.746233,2025-04-02 11:35:31.729327,SPY
2025-04-02 11:36:00.185530-04:00,0,562.54,FLAT,live,2025-04-02T11:36:00.232863,2025-04-02 11:36:00.185530,SPY
2025-04-02 11:36:32.006607-04:00,0,562.75,FLAT,live,2025-04-02T11:36:32.027267,2025-04-02 11:36:32.006607,SPY
2025-04-02 11:36:32.141700-04:00,0,562.75,FLAT,live,2025-04-02T11:36:32.158532,2025-04-02 11:36:32.141700,SPY
2025-04-02 11:37:00.180911-04:00,0,562.66,FLAT,live,2025-04-02T11:37:00.230655,2025-04-02 11:37:00.180911,SPY
2025-04-02 11:37:32.233797-04:00,0,562.77,FLAT,live,2025-04-02T11:37:32.249818,2025-04-02 11:37:32.233797,SPY
2025-04-02 11:37:32.353975-04:00,0,562.77,FLAT,live,2025-04-02T11:37:32.370143,2025-04-02 11:37:32.353975,SPY
2025-04-02 11:38:00.195820-04:00,0,562.96,FLAT,live,2025-04-02T11:38:00.277515,2025-04-02 11:38:00.195820,SPY
2025-04-02 11:38:32.435968-04:00,0,563.08,FLAT,live,2025-04-02T11:38:32.451362,2025-04-02 11:38:32.435968,SPY
2025-04-02 11:38:32.555068-04:00,0,563.08,FLAT,live,2025-04-02T11:38:32.570371,2025-04-02 11:38:32.555068,SPY
2025-04-02 11:39:00.137574-04:00,0,563.09,FLAT,live,2025-04-02T11:39:00.192747,2025-04-02 11:39:00.137574,SPY
2025-04-02 11:39:32.593231-04:00,0,563.23,FLAT,live,2025-04-02T11:39:32.615318,2025-04-02 11:39:32.593231,SPY
2025-04-02 11:39:32.731403-04:00,0,563.23,FLAT,live,2025-04-02T11:39:32.747046,2025-04-02 11:39:32.731403,SPY
2025-04-02 11:40:00.161555-04:00,0,563.275,FLAT,live,2025-04-02T11:40:00.214724,2025-04-02 11:40:00.161555,SPY
2025-04-02 11:40:32.782871-04:00,0,563.16,FLAT,live,2025-04-02T11:40:32.803749,2025-04-02 11:40:32.782871,SPY
2025-04-02 11:40:32.906410-04:00,0,563.16,FLAT,live,2025-04-02T11:40:32.923204,2025-04-02 11:40:32.906410,SPY
2025-04-02 11:41:00.124659-04:00,0,563.2,FLAT,live,2025-04-02T11:41:00.172660,2025-04-02 11:41:00.124659,SPY
2025-04-02 11:41:33.024362-04:00,0,563.45,FLAT,live,2025-04-02T11:41:33.045315,2025-04-02 11:41:33.024362,SPY
2025-04-02 11:41:33.156579-04:00,0,563.45,FLAT,live,2025-04-02T11:41:33.173402,2025-04-02 11:41:33.156579,SPY
2025-04-02 11:42:00.133106-04:00,0,563.5,FLAT,live,2025-04-02T11:42:00.181554,2025-04-02 11:42:00.133106,SPY
2025-04-02 11:42:33.198530-04:00,0,563.73,FLAT,live,2025-04-02T11:42:33.218694,2025-04-02 11:42:33.198530,SPY
2025-04-02 11:42:33.326240-04:00,0,563.73,FLAT,live,2025-04-02T11:42:33.342996,2025-04-02 11:42:33.326240,SPY
2025-04-02 11:43:00.142090-04:00,0,563.49,FLAT,live,2025-04-02T11:43:00.202375,2025-04-02 11:43:00.142090,SPY
2025-04-02 11:43:33.360033-04:00,0,563.23,FLAT,live,2025-04-02T11:43:33.380964,2025-04-02 11:43:33.360033,SPY
2025-04-02 11:43:33.490709-04:00,0,563.23,FLAT,live,2025-04-02T11:43:33.508121,2025-04-02 11:43:33.490709,SPY
2025-04-02 11:44:00.146377-04:00,0,563.14,FLAT,live,2025-04-02T11:44:00.196062,2025-04-02 11:44:00.146377,SPY
2025-04-02 11:44:33.525455-04:00,0,563.1,FLAT,live,2025-04-02T11:44:33.545434,2025-04-02 11:44:33.525455,SPY
2025-04-02 11:44:33.653536-04:00,0,563.1,FLAT,live,2025-04-02T11:44:33.670901,2025-04-02 11:44:33.653536,SPY
2025-04-02 11:45:00.004443-04:00,0,563.42,FLAT,live,2025-04-02T11:45:00.055886,2025-04-02 11:45:00.004443,SPY
2025-04-02 11:45:33.686840-04:00,0,563.37,FLAT,live,2025-04-02T11:45:33.707670,2025-04-02 11:45:33.686840,SPY
2025-04-02 11:45:33.816859-04:00,0,563.37,FLAT,live,2025-04-02T11:45:33.833574,2025-04-02 11:45:33.816859,SPY
2025-04-02 11:46:00.131185-04:00,0,563.41,FLAT,live,2025-04-02T11:46:00.185245,2025-04-02 11:46:00.131185,SPY
2025-04-02 11:46:33.926432-04:00,0,563.45,FLAT,live,2025-04-02T11:46:33.946813,2025-04-02 11:46:33.926432,SPY
2025-04-02 11:46:34.061610-04:00,0,563.45,FLAT,live,2025-04-02T11:46:34.078025,2025-04-02 11:46:34.061610,SPY
2025-04-02 11:47:34.102065-04:00,0,562.93,FLAT,live,2025-04-02T11:47:34.122802,2025-04-02 11:47:34.102065,SPY
2025-04-02 11:47:34.240781-04:00,0,562.93,FLAT,live,2025-04-02T11:47:34.258951,2025-04-02 11:47:34.240781,SPY
2025-04-02 11:48:00.141970-04:00,0,562.9,FLAT,live,2025-04-02T11:48:00.200026,2025-04-02 11:48:00.141970,SPY
2025-04-02 11:48:34.258959-04:00,0,563.21,FLAT,live,2025-04-02T11:48:34.280822,2025-04-02 11:48:34.258959,SPY
2025-04-02 11:48:34.388927-04:00,0,563.21,FLAT,live,2025-04-02T11:48:34.407449,2025-04-02 11:48:34.388927,SPY
2025-04-02 11:49:00.173707-04:00,0,563.21,FLAT,live,2025-04-02T11:49:00.225140,2025-04-02 11:49:00.173707,SPY
2025-04-02 11:49:34.420231-04:00,0,563.015,FLAT,live,2025-04-02T11:49:34.441996,2025-04-02 11:49:34.420231,SPY
2025-04-02 11:49:34.550546-04:00,0,563.015,FLAT,live,2025-04-02T11:49:34.568224,2025-04-02 11:49:34.550546,SPY
2025-04-02 11:50:00.191035-04:00,1,563.26,LONG,live,2025-04-02T11:50:00.241960,2025-04-02 11:50:00.191035,SPY
2025-04-02 11:50:34.580260-04:00,1,563.01,LONG,live,2025-04-02T11:50:34.601732,2025-04-02 11:50:34.580260,SPY
2025-04-02 11:50:34.707459-04:00,1,563.01,LONG,live,2025-04-02T11:50:34.725338,2025-04-02 11:50:34.707459,SPY
2025-04-02 11:51:00.134198-04:00,1,562.81,LONG,live,2025-04-02T11:51:00.185697,2025-04-02 11:51:00.134198,SPY
2025-04-02 11:51:34.820257-04:00,1,562.56,LONG,live,2025-04-02T11:51:34.841246,2025-04-02 11:51:34.820257,SPY
2025-04-02 11:51:34.959217-04:00,1,562.56,LONG,live,2025-04-02T11:51:34.976256,2025-04-02 11:51:34.959217,SPY
2025-04-02 11:52:00.148673-04:00,0,562.645,FLAT,live,2025-04-02T11:52:00.198457,2025-04-02 11:52:00.148673,SPY
2025-04-02 11:52:34.994850-04:00,0,562.505,FLAT,live,2025-04-02T11:52:35.014550,2025-04-02 11:52:34.994850,SPY
2025-04-02 11:52:35.121083-04:00,0,562.505,FLAT,live,2025-04-02T11:52:35.137321,2025-04-02 11:52:35.121083,SPY
2025-04-02 11:53:00.144218-04:00,-1,562.69,SHORT,live,2025-04-02T11:53:00.196404,2025-04-02 11:53:00.144218,SPY
2025-04-02 11:53:35.160597-04:00,-1,562.82,SHORT,live,2025-04-02T11:53:35.181570,2025-04-02 11:53:35.160597,SPY
2025-04-02 11:53:35.292452-04:00,-1,562.82,SHORT,live,2025-04-02T11:53:35.309785,2025-04-02 11:53:35.292452,SPY
2025-04-02 11:54:00.150668-04:00,1,562.97,LONG,live,2025-04-02T11:54:00.202824,2025-04-02 11:54:00.150668,SPY
2025-04-02 11:54:35.333469-04:00,1,562.85,LONG,live,2025-04-02T11:54:35.353162,2025-04-02 11:54:35.333469,SPY
2025-04-02 11:54:35.880890-04:00,1,562.85,LONG,live,2025-04-02T11:54:35.903664,2025-04-02 11:54:35.880890,SPY
2025-04-02 11:55:00.125578-04:00,0,562.84,FLAT,live,2025-04-02T11:55:00.174110,2025-04-02 11:55:00.125578,SPY
2025-04-02 11:55:35.903413-04:00,0,562.7,FLAT,live,2025-04-02T11:55:35.924576,2025-04-02 11:55:35.903413,SPY
2025-04-02 11:55:36.441257-04:00,0,562.7,FLAT,live,2025-04-02T11:55:36.462397,2025-04-02 11:55:36.441257,SPY
2025-04-02 11:56:00.125582-04:00,-1,562.55,SHORT,live,2025-04-02T11:56:00.172804,2025-04-02 11:56:00.125582,SPY
2025-04-02 11:56:36.148255-04:00,-1,562.415,SHORT,live,2025-04-02T11:56:36.169250,2025-04-02 11:56:36.148255,SPY
2025-04-02 11:56:36.751565-04:00,-1,562.415,SHORT,live,2025-04-02T11:56:36.772335,2025-04-02 11:56:36.751565,SPY
2025-04-02 11:57:00.165973-04:00,-1,562.25,SHORT,live,2025-04-02T11:57:00.217560,2025-04-02 11:57:00.165973,SPY
2025-04-02 11:57:36.778759-04:00,-1,562.06,SHORT,live,2025-04-02T11:57:36.797849,2025-04-02 11:57:36.778759,SPY
2025-04-02 11:57:37.332296-04:00,-1,562.06,SHORT,live,2025-04-02T11:57:37.352951,2025-04-02 11:57:37.332296,SPY
2025-04-02 11:58:00.157570-04:00,-1,561.84,SHORT,live,2025-04-02T11:58:00.207134,2025-04-02 11:58:00.157570,SPY
2025-04-02 11:58:37.342157-04:00,-1,561.6,SHORT,live,2025-04-02T11:58:37.363022,2025-04-02 11:58:37.342157,SPY
2025-04-02 11:58:37.894767-04:00,-1,561.54,SHORT,live,2025-04-02T11:58:37.915874,2025-04-02 11:58:37.894767,SPY
2025-04-02 11:59:00.138236-04:00,-1,561.52,SHORT,live,2025-04-02T11:59:00.184895,2025-04-02 11:59:00.138236,SPY
2025-04-02 11:59:37.912416-04:00,-1,561.365,SHORT,live,2025-04-02T11:59:37.934451,2025-04-02 11:59:37.912416,SPY
2025-04-02 11:59:38.470479-04:00,-1,561.365,SHORT,live,2025-04-02T11:59:38.492835,2025-04-02 11:59:38.470479,SPY
2025-04-02 12:00:00.156365-04:00,-1,561.23,SHORT,live,2025-04-02T12:00:00.204829,2025-04-02 12:00:00.156365,SPY
2025-04-02 12:00:38.478055-04:00,-1,561.93,SHORT,live,2025-04-02T12:00:38.498417,2025-04-02 12:00:38.478055,SPY
2025-04-02 12:00:39.041444-04:00,-1,562.015,SHORT,live,2025-04-02T12:00:39.063787,2025-04-02 12:00:39.041444,SPY
2025-04-02 12:01:00.148894-04:00,-1,561.845,SHORT,live,2025-04-02T12:01:00.199794,2025-04-02 12:01:00.148894,SPY
2025-04-02 12:01:39.120679-04:00,-1,562.15,SHORT,live,2025-04-02T12:01:39.141074,2025-04-02 12:01:39.120679,SPY
2025-04-02 12:01:39.710602-04:00,-1,562.15,SHORT,live,2025-04-02T12:01:39.731552,2025-04-02 12:01:39.710602,SPY
2025-04-02 12:02:00.162260-04:00,-1,562.01,SHORT,live,2025-04-02T12:02:00.214651,2025-04-02 12:02:00.162260,SPY
2025-04-02 12:02:39.710472-04:00,-1,562.25,SHORT,live,2025-04-02T12:02:39.732743,2025-04-02 12:02:39.710472,SPY
2025-04-02 12:02:40.265938-04:00,-1,562.25,SHORT,live,2025-04-02T12:02:40.288220,2025-04-02 12:02:40.265938,SPY
2025-04-02 12:03:00.162938-04:00,-1,562.08,SHORT,live,2025-04-02T12:03:00.211133,2025-04-02 12:03:00.162938,SPY
2025-04-02 12:03:40.309194-04:00,-1,562.62,SHORT,live,2025-04-02T12:03:40.325648,2025-04-02 12:03:40.309194,SPY
2025-04-02 12:03:40.823487-04:00,-1,562.62,SHORT,live,2025-04-02T12:03:40.840480,2025-04-02 12:03:40.823487,SPY
2025-04-02 12:04:00.133773-04:00,1,562.62,LONG,live,2025-04-02T12:04:00.217089,2025-04-02 12:04:00.133773,SPY
2025-04-02 12:04:40.866943-04:00,1,562.685,LONG,live,2025-04-02T12:04:40.887371,2025-04-02 12:04:40.866943,SPY
2025-04-02 12:04:41.456192-04:00,1,562.685,LONG,live,2025-04-02T12:04:41.476688,2025-04-02 12:04:41.456192,SPY
2025-04-02 12:05:00.173925-04:00,0,562.685,FLAT,live,2025-04-02T12:05:00.223121,2025-04-02 12:05:00.173925,SPY
2025-04-02 12:05:41.483477-04:00,0,562.65,FLAT,live,2025-04-02T12:05:41.501993,2025-04-02 12:05:41.483477,SPY
2025-04-02 12:05:42.089821-04:00,0,562.65,FLAT,live,2025-04-02T12:05:42.110821,2025-04-02 12:05:42.089821,SPY
2025-04-02 12:06:00.175517-04:00,0,562.7,FLAT,live,2025-04-02T12:06:00.228811,2025-04-02 12:06:00.175517,SPY
2025-04-02 12:06:41.734601-04:00,0,562.86,FLAT,live,2025-04-02T12:06:41.756333,2025-04-02 12:06:41.734601,SPY
2025-04-02 12:06:42.248833-04:00,0,562.86,FLAT,live,2025-04-02T12:06:42.270412,2025-04-02 12:06:42.248833,SPY
2025-04-02 12:07:00.154714-04:00,0,562.87,FLAT,live,2025-04-02T12:07:00.207978,2025-04-02 12:07:00.154714,SPY
2025-04-02 12:07:41.924342-04:00,0,562.72,FLAT,live,2025-04-02T12:07:41.944448,2025-04-02 12:07:41.924342,SPY
2025-04-02 12:07:42.420790-04:00,0,562.62,FLAT,live,2025-04-02T12:07:42.441674,2025-04-02 12:07:42.420790,SPY
2025-04-02 12:08:00.184416-04:00,0,562.51,FLAT,live,2025-04-02T12:08:00.236569,2025-04-02 12:08:00.184416,SPY
2025-04-02 12:08:42.233729-04:00,0,562.42,FLAT,live,2025-04-02T12:08:42.253394,2025-04-02 12:08:42.233729,SPY
2025-04-02 12:08:42.599480-04:00,0,562.42,FLAT,live,2025-04-02T12:08:42.620410,2025-04-02 12:08:42.599480,SPY
2025-04-02 12:09:00.174282-04:00,0,562.49,FLAT,live,2025-04-02T12:09:00.224358,2025-04-02 12:09:00.174282,SPY
2025-04-02 12:09:42.427890-04:00,0,562.52,FLAT,live,2025-04-02T12:09:42.444687,2025-04-02 12:09:42.427890,SPY
2025-04-02 12:09:42.753252-04:00,0,562.52,FLAT,live,2025-04-02T12:09:42.776350,2025-04-02 12:09:42.753252,SPY
2025-04-02 12:10:00.193077-04:00,0,562.66,FLAT,live,2025-04-02T12:10:00.244427,2025-04-02 12:10:00.193077,SPY
2025-04-02 12:10:42.588065-04:00,0,562.61,FLAT,live,2025-04-02T12:10:42.608237,2025-04-02 12:10:42.588065,SPY
2025-04-02 12:10:42.922381-04:00,0,562.61,FLAT,live,2025-04-02T12:10:42.943146,2025-04-02 12:10:42.922381,SPY
2025-04-02 12:11:00.154224-04:00,0,562.45,FLAT,live,2025-04-02T12:11:00.206438,2025-04-02 12:11:00.154224,SPY
2025-04-02 12:11:42.834114-04:00,0,562.33,FLAT,live,2025-04-02T12:11:42.854375,2025-04-02 12:11:42.834114,SPY
2025-04-02 12:11:43.072671-04:00,0,562.33,FLAT,live,2025-04-02T12:11:43.093080,2025-04-02 12:11:43.072671,SPY
2025-04-02 12:12:00.173677-04:00,-1,562.335,SHORT,live,2025-04-02T12:12:00.216607,2025-04-02 12:12:00.173677,SPY
2025-04-02 12:12:43.005714-04:00,-1,562.4,SHORT,live,2025-04-02T12:12:43.025698,2025-04-02 12:12:43.005714,SPY
2025-04-02 12:12:43.563589-04:00,-1,562.4,SHORT,live,2025-04-02T12:12:43.584963,2025-04-02 12:12:43.563589,SPY
2025-04-02 12:13:00.152016-04:00,0,562.59,FLAT,live,2025-04-02T12:13:00.201099,2025-04-02 12:13:00.152016,SPY
2025-04-02 12:13:43.568278-04:00,0,562.42,FLAT,live,2025-04-02T12:13:43.590247,2025-04-02 12:13:43.568278,SPY
2025-04-02 12:13:44.135184-04:00,0,562.42,FLAT,live,2025-04-02T12:13:44.158477,2025-04-02 12:13:44.135184,SPY
2025-04-02 12:14:00.042343-04:00,0,562.47,FLAT,live,2025-04-02T12:14:00.095392,2025-04-02 12:14:00.042343,SPY
2025-04-02 12:14:43.735978-04:00,0,562.43,FLAT,live,2025-04-02T12:14:43.756047,2025-04-02 12:14:43.735978,SPY
2025-04-02 12:14:44.300241-04:00,0,562.43,FLAT,live,2025-04-02T12:14:44.321084,2025-04-02 12:14:44.300241,SPY
2025-04-02 12:15:00.161910-04:00,-1,562.14,SHORT,live,2025-04-02T12:15:00.208663,2025-04-02 12:15:00.161910,SPY
2025-04-02 12:15:43.903937-04:00,-1,562.05,SHORT,live,2025-04-02T12:15:43.924454,2025-04-02 12:15:43.903937,SPY
2025-04-02 12:15:44.484018-04:00,-1,562.05,SHORT,live,2025-04-02T12:15:44.505458,2025-04-02 12:15:44.484018,SPY
2025-04-02 12:16:00.168359-04:00,-1,562.115,SHORT,live,2025-04-02T12:16:00.215069,2025-04-02 12:16:00.168359,SPY
2025-04-02 12:16:44.570040-04:00,-1,562.37,SHORT,live,2025-04-02T12:16:44.592484,2025-04-02 12:16:44.570040,SPY
2025-04-02 12:16:45.162149-04:00,-1,562.37,SHORT,live,2025-04-02T12:16:45.182460,2025-04-02 12:16:45.162149,SPY
2025-04-02 12:17:00.041424-04:00,0,562.37,FLAT,live,2025-04-02T12:17:00.093059,2025-04-02 12:17:00.041424,SPY
2025-04-02 12:17:45.177476-04:00,0,562.54,FLAT,live,2025-04-02T12:17:45.198166,2025-04-02 12:17:45.177476,SPY
2025-04-02 12:17:45.724211-04:00,0,562.54,FLAT,live,2025-04-02T12:17:45.745712,2025-04-02 12:17:45.724211,SPY
2025-04-02 12:18:00.150405-04:00,-1,562.285,SHORT,live,2025-04-02T12:18:00.205522,2025-04-02 12:18:00.150405,SPY
2025-04-02 12:18:45.340980-04:00,-1,561.9,SHORT,live,2025-04-02T12:18:45.361207,2025-04-02 12:18:45.340980,SPY
2025-04-02 12:18:46.056724-04:00,-1,561.9,SHORT,live,2025-04-02T12:18:46.078813,2025-04-02 12:18:46.056724,SPY
2025-04-02 12:19:00.164021-04:00,-1,562.05,SHORT,live,2025-04-02T12:19:00.216553,2025-04-02 12:19:00.164021,SPY
2025-04-02 12:19:46.070248-04:00,-1,561.81,SHORT,live,2025-04-02T12:19:46.090977,2025-04-02 12:19:46.070248,SPY
2025-04-02 12:19:46.643293-04:00,-1,561.81,SHORT,live,2025-04-02T12:19:46.664360,2025-04-02 12:19:46.643293,SPY
2025-04-02 12:20:00.042749-04:00,-1,561.795,SHORT,live,2025-04-02T12:20:00.093169,2025-04-02 12:20:00.042749,SPY
2025-04-02 12:20:46.647807-04:00,-1,562.22,SHORT,live,2025-04-02T12:20:46.668713,2025-04-02 12:20:46.647807,SPY
2025-04-02 12:20:47.352505-04:00,-1,562.22,SHORT,live,2025-04-02T12:20:47.373950,2025-04-02 12:20:47.352505,SPY
2025-04-02 12:21:00.045177-04:00,-1,562.33,SHORT,live,2025-04-02T12:21:00.094712,2025-04-02 12:21:00.045177,SPY
2025-04-02 12:21:47.439743-04:00,-1,562.205,SHORT,live,2025-04-02T12:21:47.459831,2025-04-02 12:21:47.439743,SPY
2025-04-02 12:21:47.989342-04:00,-1,562.205,SHORT,live,2025-04-02T12:21:48.012233,2025-04-02 12:21:47.989342,SPY
2025-04-02 12:22:00.156080-04:00,-1,562.15,SHORT,live,2025-04-02T12:22:00.209308,2025-04-02 12:22:00.156080,SPY
2025-04-02 12:22:48.010032-04:00,-1,562.05,SHORT,live,2025-04-02T12:22:48.031950,2025-04-02 12:22:48.010032,SPY
2025-04-02 12:22:48.580440-04:00,-1,562.05,SHORT,live,2025-04-02T12:22:48.600573,2025-04-02 12:22:48.580440,SPY
2025-04-02 12:23:00.139639-04:00,-1,562.05,SHORT,live,2025-04-02T12:23:00.186383,2025-04-02 12:23:00.139639,SPY
2025-04-02 12:23:48.580451-04:00,-1,562.64,SHORT,live,2025-04-02T12:23:48.602025,2025-04-02 12:23:48.580451,SPY
2025-04-02 12:23:49.154176-04:00,-1,562.64,SHORT,live,2025-04-02T12:23:49.174581,2025-04-02 12:23:49.154176,SPY
2025-04-02 12:24:00.159067-04:00,1,562.61,LONG,live,2025-04-02T12:24:00.207960,2025-04-02 12:24:00.159067,SPY
2025-04-02 12:24:49.158655-04:00,1,562.94,LONG,live,2025-04-02T12:24:49.179563,2025-04-02 12:24:49.158655,SPY
2025-04-02 12:24:49.759631-04:00,1,562.94,LONG,live,2025-04-02T12:24:49.780074,2025-04-02 12:24:49.759631,SPY
2025-04-02 12:25:00.186654-04:00,0,562.86,FLAT,live,2025-04-02T12:25:00.236083,2025-04-02 12:25:00.186654,SPY
2025-04-02 12:25:49.761847-04:00,0,562.32,FLAT,live,2025-04-02T12:25:49.782410,2025-04-02 12:25:49.761847,SPY
2025-04-02 12:25:50.331869-04:00,0,562.32,FLAT,live,2025-04-02T12:25:50.353223,2025-04-02 12:25:50.331869,SPY
2025-04-02 12:26:00.176605-04:00,-1,562.32,SHORT,live,2025-04-02T12:26:00.224243,2025-04-02 12:26:00.176605,SPY
2025-04-02 12:26:50.013907-04:00,-1,562.61,SHORT,live,2025-04-02T12:26:50.035266,2025-04-02 12:26:50.013907,SPY
2025-04-02 12:26:50.649483-04:00,-1,562.71,SHORT,live,2025-04-02T12:26:50.670353,2025-04-02 12:26:50.649483,SPY
2025-04-02 12:27:00.067195-04:00,0,562.72,FLAT,live,2025-04-02T12:27:00.116663,2025-04-02 12:27:00.067195,SPY
2025-04-02 12:27:50.664179-04:00,0,562.84,FLAT,live,2025-04-02T12:27:50.684691,2025-04-02 12:27:50.664179,SPY
2025-04-02 12:27:51.389429-04:00,0,562.84,FLAT,live,2025-04-02T12:27:51.410600,2025-04-02 12:27:51.389429,SPY
2025-04-02 12:28:00.170462-04:00,0,562.99,FLAT,live,2025-04-02T12:28:00.220723,2025-04-02 12:28:00.170462,SPY
2025-04-02 12:28:50.826452-04:00,0,563.29,FLAT,live,2025-04-02T12:28:50.848162,2025-04-02 12:28:50.826452,SPY
2025-04-02 12:28:51.561298-04:00,0,563.29,FLAT,live,2025-04-02T12:28:51.581886,2025-04-02 12:28:51.561298,SPY
2025-04-02 12:29:00.168932-04:00,0,563.35,FLAT,live,2025-04-02T12:29:00.222116,2025-04-02 12:29:00.168932,SPY
2025-04-02 12:29:50.996194-04:00,0,563.09,FLAT,live,2025-04-02T12:29:51.016507,2025-04-02 12:29:50.996194,SPY
2025-04-02 12:29:51.714492-04:00,0,563.085,FLAT,live,2025-04-02T12:29:51.737006,2025-04-02 12:29:51.714492,SPY
2025-04-02 12:30:00.199163-04:00,0,563.18,FLAT,live,2025-04-02T12:30:00.246681,2025-04-02 12:30:00.199163,SPY
2025-04-02 12:30:51.164429-04:00,0,563.17,FLAT,live,2025-04-02T12:30:51.186328,2025-04-02 12:30:51.164429,SPY
2025-04-02 12:30:51.885882-04:00,0,563.15,FLAT,live,2025-04-02T12:30:51.906276,2025-04-02 12:30:51.885882,SPY
2025-04-02 12:31:00.226174-04:00,0,563.15,FLAT,live,2025-04-02T12:31:00.275815,2025-04-02 12:31:00.226174,SPY
2025-04-02 12:31:51.408509-04:00,0,563.65,FLAT,live,2025-04-02T12:31:51.429197,2025-04-02 12:31:51.408509,SPY
2025-04-02 12:31:52.048520-04:00,0,563.655,FLAT,live,2025-04-02T12:31:52.069503,2025-04-02 12:31:52.048520,SPY
2025-04-02 12:32:00.205755-04:00,0,563.69,FLAT,live,2025-04-02T12:32:00.258329,2025-04-02 12:32:00.205755,SPY
2025-04-02 12:32:51.586447-04:00,0,563.81,FLAT,live,2025-04-02T12:32:51.606102,2025-04-02 12:32:51.586447,SPY
2025-04-02 12:32:52.212250-04:00,0,563.81,FLAT,live,2025-04-02T12:32:52.233600,2025-04-02 12:32:52.212250,SPY
2025-04-02 12:33:00.207547-04:00,0,563.75,FLAT,live,2025-04-02T12:33:00.256646,2025-04-02 12:33:00.207547,SPY
2025-04-02 12:33:51.754944-04:00,0,564.03,FLAT,live,2025-04-02T12:33:51.775206,2025-04-02 12:33:51.754944,SPY
2025-04-02 12:33:52.378109-04:00,0,564.03,FLAT,live,2025-04-02T12:33:52.398967,2025-04-02 12:33:52.378109,SPY
2025-04-02 12:34:00.044825-04:00,0,564.02,FLAT,live,2025-04-02T12:34:00.094855,2025-04-02 12:34:00.044825,SPY
2025-04-02 12:34:51.909229-04:00,0,564.39,FLAT,live,2025-04-02T12:34:51.929580,2025-04-02 12:34:51.909229,SPY
2025-04-02 12:34:52.520227-04:00,0,564.39,FLAT,live,2025-04-02T12:34:52.541279,2025-04-02 12:34:52.520227,SPY
2025-04-02 12:35:00.163663-04:00,0,564.325,FLAT,live,2025-04-02T12:35:00.215505,2025-04-02 12:35:00.163663,SPY
2025-04-02 12:35:52.073551-04:00,0,564.14,FLAT,live,2025-04-02T12:35:52.094096,2025-04-02 12:35:52.073551,SPY
2025-04-02 12:35:52.682016-04:00,0,564.14,FLAT,live,2025-04-02T12:35:52.702530,2025-04-02 12:35:52.682016,SPY
2025-04-02 12:36:00.166156-04:00,0,564.31,FLAT,live,2025-04-02T12:36:00.216051,2025-04-02 12:36:00.166156,SPY
2025-04-02 12:36:52.487833-04:00,0,564.3,FLAT,live,2025-04-02T12:36:52.509239,2025-04-02 12:36:52.487833,SPY
2025-04-02 12:36:52.833291-04:00,0,564.3,FLAT,live,2025-04-02T12:36:52.855983,2025-04-02 12:36:52.833291,SPY
2025-04-02 12:37:00.149797-04:00,0,564.3,FLAT,live,2025-04-02T12:37:00.195964,2025-04-02 12:37:00.149797,SPY
2025-04-02 12:37:52.665510-04:00,0,564.52,FLAT,live,2025-04-02T12:37:52.685723,2025-04-02 12:37:52.665510,SPY
2025-04-02 12:37:53.027861-04:00,0,564.52,FLAT,live,2025-04-02T12:37:53.048599,2025-04-02 12:37:53.027861,SPY
2025-04-02 12:38:00.165501-04:00,0,564.5,FLAT,live,2025-04-02T12:38:00.215565,2025-04-02 12:38:00.165501,SPY
2025-04-02 12:38:52.826664-04:00,0,564.41,FLAT,live,2025-04-02T12:38:52.847154,2025-04-02 12:38:52.826664,SPY
2025-04-02 12:38:53.186639-04:00,0,564.41,FLAT,live,2025-04-02T12:38:53.207291,2025-04-02 12:38:53.186639,SPY
2025-04-02 12:39:00.156284-04:00,0,564.22,FLAT,live,2025-04-02T12:39:00.203911,2025-04-02 12:39:00.156284,SPY
2025-04-02 12:39:52.988060-04:00,0,564.05,FLAT,live,2025-04-02T12:39:53.008167,2025-04-02 12:39:52.988060,SPY
2025-04-02 12:39:53.353488-04:00,0,564.05,FLAT,live,2025-04-02T12:39:53.374308,2025-04-02 12:39:53.353488,SPY
2025-04-02 12:40:00.137614-04:00,0,564.05,FLAT,live,2025-04-02T12:40:00.184273,2025-04-02 12:40:00.137614,SPY
2025-04-02 12:40:53.155024-04:00,0,564.47,FLAT,live,2025-04-02T12:40:53.175524,2025-04-02 12:40:53.155024,SPY
2025-04-02 12:40:53.519795-04:00,0,564.47,FLAT,live,2025-04-02T12:40:53.541067,2025-04-02 12:40:53.519795,SPY
2025-04-02 12:41:00.054279-04:00,0,564.46,FLAT,live,2025-04-02T12:41:00.102525,2025-04-02 12:41:00.054279,SPY
2025-04-02 12:41:53.397433-04:00,0,564.52,FLAT,live,2025-04-02T12:41:53.419821,2025-04-02 12:41:53.397433,SPY
2025-04-02 12:41:53.674127-04:00,0,564.52,FLAT,live,2025-04-02T12:41:53.696897,2025-04-02 12:41:53.674127,SPY
2025-04-02 12:42:00.167848-04:00,1,564.52,LONG,live,2025-04-02T12:42:00.213271,2025-04-02 12:42:00.167848,SPY
2025-04-02 12:42:53.568748-04:00,1,564.45,LONG,live,2025-04-02T12:42:53.589276,2025-04-02 12:42:53.568748,SPY
2025-04-02 12:42:54.133011-04:00,1,564.45,LONG,live,2025-04-02T12:42:54.154976,2025-04-02 12:42:54.133011,SPY
2025-04-02 12:43:00.157110-04:00,1,564.56,LONG,live,2025-04-02T12:43:00.209640,2025-04-02 12:43:00.157110,SPY
2025-04-02 12:43:54.134455-04:00,1,564.75,LONG,live,2025-04-02T12:43:54.155665,2025-04-02 12:43:54.134455,SPY
2025-04-02 12:43:54.694990-04:00,1,564.77,LONG,live,2025-04-02T12:43:54.718103,2025-04-02 12:43:54.694990,SPY
2025-04-02 12:44:00.159611-04:00,1,564.74,LONG,live,2025-04-02T12:44:00.206171,2025-04-02 12:44:00.159611,SPY
2025-04-02 12:44:54.700499-04:00,1,564.59,LONG,live,2025-04-02T12:44:54.721761,2025-04-02 12:44:54.700499,SPY
2025-04-02 12:44:55.295318-04:00,1,564.59,LONG,live,2025-04-02T12:44:55.316531,2025-04-02 12:44:55.295318,SPY
2025-04-02 12:45:00.186390-04:00,1,564.58,LONG,live,2025-04-02T12:45:00.232906,2025-04-02 12:45:00.186390,SPY
2025-04-02 12:45:55.301517-04:00,1,565.13,LONG,live,2025-04-02T12:45:55.322831,2025-04-02 12:45:55.301517,SPY
2025-04-02 12:45:55.883862-04:00,1,565.13,LONG,live,2025-04-02T12:45:55.905683,2025-04-02 12:45:55.883862,SPY
2025-04-02 12:46:00.161199-04:00,1,565.14,LONG,live,2025-04-02T12:46:00.207336,2025-04-02 12:46:00.161199,SPY
2025-04-02 12:46:55.871421-04:00,1,565.07,LONG,live,2025-04-02T12:46:55.892615,2025-04-02 12:46:55.871421,SPY
2025-04-02 12:46:56.006977-04:00,1,565.07,LONG,live,2025-04-02T12:46:56.022747,2025-04-02 12:46:56.006977,SPY
2025-04-02 12:47:00.153788-04:00,1,565.035,LONG,live,2025-04-02T12:47:00.198504,2025-04-02 12:47:00.153788,SPY
2025-04-02 12:47:56.050514-04:00,1,565.27,LONG,live,2025-04-02T12:47:56.072095,2025-04-02 12:47:56.050514,SPY
2025-04-02 12:47:56.179747-04:00,1,565.27,LONG,live,2025-04-02T12:47:56.196177,2025-04-02 12:47:56.179747,SPY
2025-04-02 12:48:00.124601-04:00,1,565.255,LONG,live,2025-04-02T12:48:00.169222,2025-04-02 12:48:00.124601,SPY
2025-04-02 12:48:56.215594-04:00,1,565.3,LONG,live,2025-04-02T12:48:56.236223,2025-04-02 12:48:56.215594,SPY
2025-04-02 12:48:56.344882-04:00,1,565.3,LONG,live,2025-04-02T12:48:56.361220,2025-04-02 12:48:56.344882,SPY
2025-04-02 12:49:00.161463-04:00,1,565.3,LONG,live,2025-04-02T12:49:00.208212,2025-04-02 12:49:00.161463,SPY
2025-04-02 12:49:56.372163-04:00,1,565.17,LONG,live,2025-04-02T12:49:56.393790,2025-04-02 12:49:56.372163,SPY
2025-04-02 12:49:56.514818-04:00,1,565.17,LONG,live,2025-04-02T12:49:56.532894,2025-04-02 12:49:56.514818,SPY
2025-04-02 12:50:00.297251-04:00,1,565.15,LONG,live,2025-04-02T12:50:00.347830,2025-04-02 12:50:00.297251,SPY
2025-04-02 12:50:56.537039-04:00,1,564.99,LONG,live,2025-04-02T12:50:56.558508,2025-04-02 12:50:56.537039,SPY
2025-04-02 12:50:56.671008-04:00,1,564.99,LONG,live,2025-04-02T12:50:56.687827,2025-04-02 12:50:56.671008,SPY
2025-04-02 12:51:00.183889-04:00,1,564.99,LONG,live,2025-04-02T12:51:00.235556,2025-04-02 12:51:00.183889,SPY
2025-04-02 12:51:56.781966-04:00,1,565.29,LONG,live,2025-04-02T12:51:56.804636,2025-04-02 12:51:56.781966,SPY
2025-04-02 12:51:56.933931-04:00,1,565.27,LONG,live,2025-04-02T12:51:56.951435,2025-04-02 12:51:56.933931,SPY
2025-04-02 12:52:00.165199-04:00,1,565.18,LONG,live,2025-04-02T12:52:00.216192,2025-04-02 12:52:00.165199,SPY
2025-04-02 12:52:56.966838-04:00,1,565.23,LONG,live,2025-04-02T12:52:56.985767,2025-04-02 12:52:56.966838,SPY
2025-04-02 12:52:57.099593-04:00,1,565.23,LONG,live,2025-04-02T12:52:57.116330,2025-04-02 12:52:57.099593,SPY
2025-04-02 12:53:00.207576-04:00,1,565.175,LONG,live,2025-04-02T12:53:00.256931,2025-04-02 12:53:00.207576,SPY
2025-04-02 12:53:57.133663-04:00,1,565.29,LONG,live,2025-04-02T12:53:57.155088,2025-04-02 12:53:57.133663,SPY
2025-04-02 12:53:57.275049-04:00,1,565.29,LONG,live,2025-04-02T12:53:57.292336,2025-04-02 12:53:57.275049,SPY
2025-04-02 12:54:00.152822-04:00,1,565.3,LONG,live,2025-04-02T12:54:00.201253,2025-04-02 12:54:00.152822,SPY
2025-04-02 12:54:57.302285-04:00,1,565.13,LONG,live,2025-04-02T12:54:57.321856,2025-04-02 12:54:57.302285,SPY
2025-04-02 12:54:57.430370-04:00,1,565.13,LONG,live,2025-04-02T12:54:57.446805,2025-04-02 12:54:57.430370,SPY
2025-04-02 12:55:00.402573-04:00,1,565.13,LONG,live,2025-04-02T12:55:00.452368,2025-04-02 12:55:00.402573,SPY
2025-04-02 12:55:57.462775-04:00,1,565.48,LONG,live,2025-04-02T12:55:57.483016,2025-04-02 12:55:57.462775,SPY
2025-04-02 12:55:57.594420-04:00,1,565.48,LONG,live,2025-04-02T12:55:57.612020,2025-04-02 12:55:57.594420,SPY
2025-04-02 12:56:00.155901-04:00,1,565.49,LONG,live,2025-04-02T12:56:00.204870,2025-04-02 12:56:00.155901,SPY
2025-04-02 12:56:57.716767-04:00,1,565.33,LONG,live,2025-04-02T12:56:57.736631,2025-04-02 12:56:57.716767,SPY
2025-04-02 12:56:57.854636-04:00,1,565.33,LONG,live,2025-04-02T12:56:57.869755,2025-04-02 12:56:57.854636,SPY
2025-04-02 12:57:00.179760-04:00,1,565.33,LONG,live,2025-04-02T12:57:00.228359,2025-04-02 12:57:00.179760,SPY
2025-04-02 12:57:57.890447-04:00,1,565.52,LONG,live,2025-04-02T12:57:57.911470,2025-04-02 12:57:57.890447,SPY
2025-04-02 12:57:58.019936-04:00,1,565.52,LONG,live,2025-04-02T12:57:58.037392,2025-04-02 12:57:58.019936,SPY
2025-04-02 12:58:00.274317-04:00,1,565.57,LONG,live,2025-04-02T12:58:00.321291,2025-04-02 12:58:00.274317,SPY
2025-04-02 12:58:58.078301-04:00,1,565.39,LONG,live,2025-04-02T12:58:58.098625,2025-04-02 12:58:58.078301,SPY
2025-04-02 12:58:58.205083-04:00,1,565.39,LONG,live,2025-04-02T12:58:58.221869,2025-04-02 12:58:58.205083,SPY
2025-04-02 12:59:00.175763-04:00,1,565.36,LONG,live,2025-04-02T12:59:00.221930,2025-04-02 12:59:00.175763,SPY
2025-04-02 12:59:58.244039-04:00,1,564.76,LONG,live,2025-04-02T12:59:58.264265,2025-04-02 12:59:58.244039,SPY
2025-04-02 12:59:58.372137-04:00,1,564.72,LONG,live,2025-04-02T12:59:58.388471,2025-04-02 12:59:58.372137,SPY
2025-04-02 13:00:00.230105-04:00,0,564.63,FLAT,live,2025-04-02T13:00:00.271198,2025-04-02 13:00:00.230105,SPY
2025-04-02 13:10:00.135386-04:00,0,564.42,FLAT,live,2025-04-02T13:10:00.188661,2025-04-02 13:10:00.135386,SPY
2025-04-02 13:17:00.046825-04:00,0,570.38,FLAT,live,2025-04-02T13:17:00.098277,2025-04-02 13:17:00.046825,SPY
2025-04-02 13:21:00.034579-04:00,0,567.25,FLAT,live,2025-04-02T13:21:00.078591,2025-04-02 13:21:00.034579,SPY
2025-04-02 13:22:00.073553-04:00,0,566.76,FLAT,live,2025-04-02T13:22:00.110584,2025-04-02 13:22:00.073553,SPY
